enrollee_id,target
32403,0.25006836632488105
9858,0.3370059793764977
31806,0.655487196693391
27385,0.20117518983411845
27724,0.2006771654082002
217,0.5916307071913562
21465,0.7480412426167851
27302,0.7547225121629678
12994,0.47237528138130647
16287,0.6155333656974945
10856,0.6291240108234822
9272,0.24110266516879675
14249,0.21452632399043076
24372,0.20501317970210192
14070,0.7149152527347262
24914,0.6774183676454925
7865,0.665616081673343
7463,0.18167215806603063
21514,0.7373890991689727
29033,0.7134297633179678
15359,0.751381427990805
16001,0.23180484304852159
25202,0.6901199130342986
5058,0.795757960247327
23570,0.2922731469929825
19139,0.4705986041107769
9548,0.1553651334539767
8799,0.6268609832550246
11113,0.30857873679650916
19437,0.7081057471758059
394,0.28289036302014214
7683,0.7413467857371353
22849,0.2156302324364409
17189,0.6813125075164896
28610,0.16528819502515868
25608,0.3611377274615792
22139,0.17398671452305717
19644,0.2335295201392945
18517,0.7391097377303346
12835,0.15207252543666533
20178,0.31741348196209945
25855,0.1641586114073483
32126,0.23268167197859257
22753,0.17852673639028588
18133,0.7971660473788457
29242,0.68124561558306
6312,0.73347776140144
113,0.18489653398344114
14685,0.2891050017406117
20768,0.2933732709898015
25906,0.17342936650107607
20142,0.1975310936919533
25891,0.20924845688408072
4742,0.557855391476475
2222,0.18047611225729784
16917,0.6618076824639016
10493,0.6479996706052523
10418,0.2393082067782393
9766,0.2537675418563049
1361,0.7399098076168751
19625,0.16648976564053652
20943,0.20924845688408072
9561,0.3580642438768443
4271,0.2873210949012018
2094,0.3128469000740003
16931,0.49851979639477534
27298,0.6270082783728741
26493,0.5167496087190668
30745,0.6690223449394593
21052,0.6610306396878071
20723,0.7319519163909981
13539,0.2694153949837213
3214,0.17392067579487355
16230,0.3551529203947858
25300,0.19895417674184804
24018,0.6806774600400728
21833,0.2075205506947665
30632,0.18284291015451565
4334,0.4574917512959294
22271,0.5782674370994184
28776,0.19008128376929065
27769,0.7638141578540415
25909,0.2481336068222025
31266,0.20403670232434573
7973,0.16284723716244226
30867,0.7164951288977791
22501,0.187081853225987
2539,0.30234481008448044
26681,0.1616294161114883
16184,0.3624324076148598
3852,0.17875631283770413
1680,0.40369750206356175
3562,0.15274307298950585
8488,0.7292969035593999
8373,0.2198144719795291
2934,0.1600469000615321
12919,0.7527542607965211
4386,0.6525740573990247
22462,0.6348365375423006
13988,0.26278962275275997
21230,0.5060870584552812
26180,0.7255954964526179
16658,0.14709619115722686
10324,0.15502895801524896
20453,0.2519049272539168
13485,0.21149094961523143
33080,0.15107518206306894
25492,0.7408526418858015
1319,0.7389340925003185
19146,0.2144322930476796
29339,0.189986625023797
33177,0.18104151600706725
22143,0.15708967027470175
22264,0.7562904675392869
17034,0.2523584831920494
27002,0.6936332184296629
21318,0.18309546544281924
12308,0.3230266032405022
842,0.8030389664245291
4926,0.24291911712769657
3,0.32291869666030193
19567,0.6605960460126239
12809,0.16694581604012412
22682,0.26511187554544197
1216,0.1733431285241595
4417,0.46185420082176626
24162,0.755493548415954
16873,0.17470777566117304
21920,0.18652550603432966
24230,0.6628622565400971
5189,0.3965916529281642
24396,0.23285599360504372
770,0.16680484560099823
30913,0.17718539474121178
14566,0.22261895209805016
15634,0.2225932753088806
18163,0.4349781044072031
16673,0.7805587348613185
18805,0.3688593816881597
15367,0.7960863858375238
22556,0.6813078788013297
27439,0.5348492643234447
18426,0.7704318975684358
9789,0.20854900570216542
28172,0.1619251876479887
9184,0.2659659027311542
3587,0.24987017444427512
1167,0.2287279097458059
1663,0.5617871611937412
20948,0.30501259178816365
31594,0.1751980451278629
27117,0.7232779821912821
678,0.14916343550793862
1441,0.5727209483374065
31272,0.6756821964733114
12443,0.24188576961539368
32981,0.3085850767868049
1317,0.17084335695724978
4601,0.15751736909127922
30498,0.3471224917828916
7863,0.7217595635833111
8744,0.30763892643757584
14698,0.19815342513168438
10021,0.19917784906084204
15253,0.14389819994931186
18108,0.19308261133842133
31410,0.1795239535515781
30532,0.1709775102424436
31733,0.1888505672960654
28833,0.7060920742641914
8708,0.6664729817652096
10050,0.25458387259019316
21685,0.17633795546006722
18529,0.34152061034322534
1850,0.3814511534534554
22639,0.27381229761284837
5967,0.6371984047070277
20977,0.12725873503490492
5391,0.7965456426652021
4398,0.6739113218469407
18383,0.6730068270455953
17336,0.7257557913234237
7470,0.409544398867963
24781,0.14584851648326963
24202,0.6965498287804494
20650,0.2869013477171789
5377,0.1651209633427006
31693,0.17920558522999508
28619,0.5507789670258242
15432,0.17939600378183176
22999,0.718683621306362
8377,0.18888131761410074
9302,0.6202117330222912
16158,0.22138052309608158
29575,0.7708636993931177
16573,0.16368997907447608
30736,0.6493986479255289
20612,0.7277907874967664
11976,0.32048984252682633
28302,0.20061145423815246
9462,0.643442470169264
14512,0.6950893337200795
8401,0.2589562572414744
19780,0.17057391403281627
2594,0.6596645652847241
1466,0.2007621788785993
17205,0.29426762242292276
12990,0.20791909890743973
4234,0.17411753935176302
18171,0.7518851121955528
15457,0.20100064071008997
23319,0.7689197540266481
10598,0.17764327543486996
7788,0.6578827956430691
32021,0.13931745989842353
23969,0.17149047776114265
13037,0.39005172663407056
30196,0.16851266184045924
19504,0.7160572542336705
16336,0.678775667750639
6048,0.18525572717613684
6827,0.6889089671483846
9268,0.15545720837815852
11169,0.6452663547768904
31131,0.2418705182686816
12361,0.7352926445298159
15165,0.7604006254157469
27773,0.15438561359815625
15266,0.203406094813185
26289,0.20492141342780587
32553,0.32079063865966834
33062,0.16611782630168126
8818,0.17311112564994408
15380,0.6990027967545835
30120,0.6582751130158498
24317,0.7569342588231887
412,0.1930368836369336
30607,0.4502159571465443
8513,0.4341159842174962
8596,0.22011171296904347
14539,0.2105983291558176
20456,0.6835154329749276
15221,0.15569519458995076
28968,0.2215387848094445
21648,0.18752635998203826
3210,0.21882958932432064
22118,0.7595113083202472
5605,0.2477448356260841
30930,0.16876905047162183
28718,0.5575719906165346
8141,0.7640837935202962
3486,0.33987994341475863
8805,0.14195747133650408
6602,0.26931183231552813
14916,0.2974547807772212
21636,0.24742557762801637
9047,0.7509362339770951
6694,0.20327532007250113
17793,0.6681729359087147
32857,0.1419174139337634
26325,0.6094237173559769
20907,0.6550530570092703
12617,0.22081504882801295
24295,0.21097736628748198
32409,0.6296332716067121
16713,0.19064155155088025
4863,0.674351954014265
13274,0.5846524366549674
12462,0.7422837726182142
8524,0.195973800848611
21728,0.18771461850652166
20577,0.5874933398496073
3407,0.6524294963730854
27184,0.35952453227606607
28845,0.2209411685762628
2851,0.30123943514263235
485,0.36902034801759337
7207,0.15788502054333825
9005,0.6616799347122415
4532,0.1660241631684015
23235,0.1897003328961335
5403,0.19101415078359843
8232,0.18772453580629164
40,0.6690961221875802
8991,0.7844249445742421
28620,0.21594688316704685
16355,0.6444698223041948
18340,0.7267456572591457
5138,0.7254145750754448
12391,0.6628105634526723
15550,0.18190241335964805
27155,0.18337289133293008
19883,0.6269502942027847
25140,0.6212277003802404
27463,0.17397671690988464
23894,0.7213951508131896
18285,0.22862761252670744
25415,0.5339334326295414
9894,0.19981847186432747
15242,0.7541936464133193
8485,0.7297012495156338
11982,0.1844109466726644
28370,0.7432002087154159
17047,0.17769359607197519
24941,0.7231713099565349
28936,0.2681029132344253
9562,0.5255950128470457
30061,0.1994005013415557
2718,0.6657940412988569
24681,0.18385353829710072
16210,0.17558581342517968
1517,0.25078185755082294
29475,0.24939297419027825
32233,0.7885081786431816
26601,0.33580029193186844
22457,0.6846029529681403
30759,0.6060463374182409
27417,0.19197656510732108
18983,0.42862541379769165
32085,0.22378961384648466
13197,0.14854568614046282
14026,0.7540491155133444
19719,0.6921076245077548
30046,0.28089781285527027
10446,0.7458828860917113
5907,0.4285888266415168
1392,0.1952074512832515
10348,0.21921674440371824
7957,0.3249719717979258
19058,0.31348762028346033
19243,0.2218896354471295
7770,0.3021860562010492
15910,0.19824659427889055
30486,0.29190322043614914
20333,0.48875777700140877
6816,0.7157374392345225
26209,0.14673348875818323
10803,0.23491787933982577
26411,0.36499164549846297
31555,0.16686964272394078
15564,0.21665859839266027
28764,0.7396586157648356
14172,0.18472115005214174
3068,0.7154718659164844
27164,0.13426749080965936
20887,0.18526534704143885
27102,0.16646378852121907
14534,0.14987594406576835
9021,0.15749393410452375
6527,0.6384797912372714
7615,0.1795239535515781
11392,0.20528314769198383
33148,0.6898888650211266
20910,0.7309866557930819
20269,0.2292860504584772
23670,0.7871993465585213
19946,0.24116066304637548
29652,0.2218550606398261
23770,0.24211259988312872
24340,0.19753607744630716
18737,0.17782171543187072
24739,0.25913551398448087
31072,0.1931687688036662
32629,0.6397381864920559
4184,0.15270685707426865
19028,0.2464110213894256
12295,0.19899621096646505
17898,0.17561848347594736
25160,0.6626492021966531
13000,0.3674178715908231
8849,0.3542585918270984
4773,0.18091912197400095
23867,0.3926213791006434
25341,0.1818500336796495
1456,0.7476631754028655
22152,0.22343086870084852
6560,0.1851472747933731
22829,0.20881676513694483
4745,0.21358728009739403
22814,0.19121038599687432
23233,0.21957002019763502
26370,0.18767172549119188
12695,0.6054617385088857
11888,0.16807419793805617
319,0.2073384962587901
2510,0.7126872967471474
5298,0.1883564717090368
18400,0.24761830065603194
30849,0.6971255511079761
31123,0.40247879557485655
15829,0.1578967252907846
15578,0.21135340772822606
4037,0.19944942546002878
29658,0.13645773161220642
10171,0.1939272743407158
1937,0.239913305026218
7376,0.152815639863902
25243,0.14530470639744808
9234,0.19267363075772218
8471,0.2037177413448149
5367,0.2576987065931432
5576,0.2220752644349223
5488,0.17365657932308942
18306,0.16317299724875858
2063,0.24155807195643023
14205,0.24767230147142402
16490,0.5919242920092003
10560,0.19650147401644544
23064,0.2206912945852178
32545,0.16935761114982145
29833,0.718791016250798
14200,0.14591787916024526
29830,0.7529057256656132
21423,0.6409754850383247
13869,0.1927889322646122
28259,0.1831763192212706
9618,0.7389024623801793
18209,0.7250981471189788
27437,0.17068231898464822
17129,0.5597250136918004
8349,0.25491131569298425
6179,0.19504951285781189
28842,0.7135136052495743
26563,0.23242381152803038
19256,0.4754274023920584
25579,0.22370925013033394
27521,0.22332964107202677
31378,0.16095924073399123
14870,0.6169081083446364
11929,0.15678636859423348
14585,0.6901961987280819
32487,0.6652915445686559
15593,0.6141191747329524
13170,0.15703332857213362
24544,0.16447596748055807
11613,0.6066767929185076
30221,0.7914649309629834
28251,0.2967269722099841
4062,0.3123985090922065
29018,0.2741713494109472
26433,0.21221795437356766
5489,0.46335132901783144
19459,0.7545007579122665
6017,0.30265776508339925
24261,0.7100257552454476
16705,0.2649792501919218
16540,0.6168502015750876
7508,0.20902873125608468
32650,0.2266131981776425
21381,0.694401915300749
9487,0.782010139037641
9040,0.3023907095141941
12854,0.18334227882570928
32495,0.5186903578824831
1622,0.5053956585082732
15660,0.7126919706869639
4052,0.20889079574714203
23279,0.20884436810243331
20286,0.27961664340787934
13832,0.616301381900327
8066,0.46659891440815343
31585,0.15393708183116236
1249,0.18778280323206734
10843,0.20160532531076386
9706,0.23360443730526428
14601,0.7346229519628894
5823,0.3980282025140204
1148,0.17528464308552172
31284,0.17477249390160804
21383,0.45975170075244476
32156,0.3243302997051381
14110,0.29980831578136413
20035,0.8048134299991229
20872,0.2776405720994215
14568,0.6815685204567121
12115,0.24661981881601597
26440,0.20794157960376777
28319,0.19741850350862772
11654,0.2809047496933684
22964,0.14457915988352102
6834,0.23668871708713762
15305,0.6911446921760181
14669,0.6928818021800953
15978,0.15674745260949538
32027,0.19029017969389836
4806,0.17673718037543398
23700,0.2727022073281529
5956,0.18004078905891582
2441,0.16941896409471052
20068,0.3914624084522248
18369,0.6433276322049037
28121,0.699274685727901
15061,0.33601294303186696
7443,0.1879418099787496
14456,0.722986373758772
1864,0.19810818412641856
23766,0.22749955800075403
13051,0.39669470957433545
25644,0.17103059751228827
16941,0.2041412197055561
30388,0.22464921999331666
5861,0.23218594720936578
9840,0.3958440332298094
16203,0.26476325234064574
23986,0.7620371426055552
6889,0.15603711365685616
3658,0.14448205991690252
4004,0.24187773006822633
14620,0.1696039749220903
18979,0.15473821310139718
25101,0.6867658123125329
10873,0.2215547478079245
24570,0.1748236922334277
25051,0.7505060883972442
22366,0.20355842456376444
11762,0.23087700673998604
9993,0.307640112648736
31464,0.16629392836159498
5040,0.3110402485164509
976,0.2560966282077503
30784,0.19778377169821382
31557,0.6579087053697498
22982,0.13645636581775591
29300,0.1425039504112684
5932,0.22585744954499876
31852,0.2982295066754363
20833,0.18508249857028575
9501,0.24571647764716675
9707,0.7743868419434111
20756,0.2626831828188892
11541,0.16840204056617694
28084,0.20330003650726802
9726,0.7538526166901032
31483,0.23959476540703473
17440,0.7227320350111471
30836,0.4281779529742079
139,0.17818749119459346
2606,0.6377214074754848
14158,0.6811382439802246
13100,0.5881467425484957
30502,0.21929908655621536
24245,0.12875344109614734
28562,0.28638723623935763
12735,0.23243620138813306
4114,0.2164986313579633
30367,0.5450903038342862
5412,0.6392497352873037
27834,0.2168307487145591
4709,0.1868743233698189
23880,0.5920088421301941
18607,0.3389429618935055
15527,0.15737967972788144
13748,0.21557090943987672
24331,0.6668808839440163
10636,0.2288451428575085
12488,0.7134545631157311
16660,0.1411886041730102
2892,0.376458854845383
6332,0.6825757545436572
6504,0.6629107845580429
19043,0.22398457677992983
22715,0.2684875139476387
27606,0.19864614749737144
33052,0.24959710143796665
6793,0.2018372441694618
16595,0.6569248266905007
18261,0.18442525309080854
27307,0.19304794535194925
25699,0.6491448781674697
11707,0.17524322124422523
21613,0.6631908865525825
32057,0.6207245598172331
115,0.2057419628319194
6823,0.13739958705521146
14353,0.427874725549786
26805,0.7943727716242367
15635,0.6799714915708696
26417,0.14131074800829707
3848,0.23495032364737198
17211,0.6628535540874343
13103,0.22576893147758256
5243,0.6963574473051692
2107,0.2246632047001488
30974,0.17965676193313324
2998,0.2733683599849449
22975,0.752254225117692
27239,0.7845810822264427
18463,0.7356481123866799
21490,0.6764658802909533
30657,0.29954336154250194
32075,0.7352004291744623
31141,0.17396049281620984
2340,0.183479634003921
21188,0.2792158650211601
24156,0.6948837803562558
32584,0.28618657792879343
6515,0.6732960408631097
14292,0.24585258162245507
16125,0.19442726584173425
25802,0.7106972136696691
19385,0.6652915445686559
27304,0.2320879380450699
3697,0.6688917764526382
11800,0.2772134629228513
180,0.19569416537100945
7733,0.7191817426039051
6935,0.1590012889079444
4082,0.22057339769216286
31959,0.18687339699280892
25113,0.7203106175707141
14329,0.5604369507963359
15570,0.16167797323713137
32516,0.6928341495766012
2535,0.18411743605549025
16014,0.16720834785118555
24251,0.17888660381660934
31019,0.4773609103145457
21012,0.2231747142035827
22140,0.34471737501631233
21462,0.6320187161750391
20786,0.557002518092502
32404,0.44079637476468536
16084,0.6732548305618988
20103,0.7107077465474215
22525,0.2465354390337007
13230,0.7435688961841438
29502,0.17949724881639717
11646,0.20521302502708402
6058,0.16684444143107888
30892,0.23425589332941973
31017,0.41804398102821744
23803,0.25800017852103285
6831,0.6257657842422101
20380,0.7417160225659749
15629,0.16926239313041477
17342,0.16392037875832471
22359,0.15565883754162074
27610,0.23584559768139446
26769,0.7164983245232355
3979,0.23862965644584178
25171,0.3255264049664276
23379,0.6294075334250493
18138,0.21702786848981692
31687,0.20158470846651463
23739,0.437168478608511
8392,0.7102135769991685
6427,0.29222645383773566
27813,0.1964050316342655
20687,0.23505391914506593
22527,0.7650637193195148
33343,0.7456378605861422
818,0.1952826917025498
31669,0.7413955687422031
10952,0.3233441936870745
16331,0.19198229013630158
32029,0.24649076099894485
21152,0.19848524360002837
23488,0.2416864964607896
11945,0.7128427312685715
1670,0.4064166734885918
16104,0.24702187475094609
4158,0.24183751656941457
29781,0.18175623742772554
6720,0.6760896977974685
14369,0.5535539190945581
20235,0.2589457553671759
3617,0.18501731227804116
30756,0.746824302053377
22625,0.6917224960489995
22057,0.7007767332629913
20635,0.7202915583833733
1588,0.25667314740042946
234,0.19787656841680681
18752,0.7145877655608929
18128,0.15085445704312664
18260,0.5859731985060664
19332,0.2660015045737945
9564,0.22152545330835458
5685,0.1579090524497675
18063,0.27977212914329086
27124,0.22686039060568047
3395,0.5817301904954432
22310,0.2055829779333267
15977,0.2952036821286013
4917,0.28030707000626803
19102,0.22216669755255902
23275,0.5349217765205048
13157,0.7504840370470619
13269,0.1474848569031873
29977,0.7601850029468922
20571,0.17144479509670266
23883,0.6343189185733411
33033,0.7212889698779062
10579,0.7076298630069875
5258,0.6992206236217701
853,0.23478505683146145
27245,0.6221793514167345
30670,0.7550476730500697
22497,0.21989933681818397
3218,0.20641271532407823
464,0.21804641996343777
15770,0.1527916623581105
18264,0.15962804674206643
32066,0.7471297441726802
11386,0.676591093006949
17502,0.5572916767105549
32273,0.6549840982226697
27543,0.17328656316499338
16317,0.7122002292118895
2852,0.2019940321550544
5056,0.266027545024836
17504,0.731362737918146
24585,0.6541568812365434
11734,0.16297218547562728
16675,0.23472803573606502
23344,0.666544931871207
21786,0.2577787586705837
31079,0.67701300693566
33251,0.18945201852146104
7805,0.17197662298418023
8911,0.750984057120089
7315,0.3112984063397815
28132,0.699923074159032
8367,0.5685686140974865
27909,0.24394869276916184
32320,0.19851386645937147
15441,0.16595029677637693
25999,0.729198560261309
20169,0.337525806171499
11682,0.5206386738427358
26581,0.273446402713124
14832,0.6176638236991385
18023,0.259206730605301
18963,0.1621642462060444
9105,0.24758909086469358
18344,0.8004145083731977
576,0.16521869062006495
2656,0.28702308357029854
16881,0.14570906110776408
30245,0.697532926315425
9630,0.17920558522999508
3580,0.15678636859423348
14773,0.2624854331861378
31238,0.21135272862021037
1633,0.19469097368299634
1995,0.7141152252379426
30587,0.16663240187085454
32369,0.17685923617546143
3722,0.621094541448445
10721,0.20053029548959247
407,0.18663767415754845
31098,0.22994479353395753
4053,0.20158281515044074
13782,0.2913534896480093
20767,0.5643767475245806
20113,0.20914158640637173
4674,0.7416088372157128
2444,0.754800815042138
19966,0.24544494199203196
26367,0.31518349458655803
19508,0.19947686625907363
13006,0.1977010087335248
7563,0.1766964146635155
25993,0.14709129440474483
18013,0.48845956191832335
27699,0.19197891961986707
3003,0.15468694515691883
6620,0.23743694915096447
4364,0.17467672733585704
2296,0.21581534778352374
17958,0.26636891820134256
9740,0.21574437928529341
1304,0.2812734453958947
28735,0.19207451859301589
32212,0.38007244657242695
14053,0.5414852391991841
22641,0.18923551210019376
17900,0.688102261374515
31333,0.28213862168646037
501,0.6935482873739486
18104,0.22616930561034995
6092,0.18678998123830287
17249,0.1552951597722162
1227,0.6426152173157733
23515,0.1959981401126261
16309,0.3005954748948389
5368,0.6443103898835755
27693,0.23310681943822453
2582,0.17084509356578204
12096,0.6878176676498525
17526,0.16507744780871486
23647,0.15498136302275273
11440,0.7536856567215559
7942,0.28766461736283805
12064,0.7076155400892925
2170,0.34045683961393236
15663,0.7565614657494348
18378,0.6823258599121492
5943,0.20658821435872213
8578,0.2661105564769121
28645,0.3367763968584183
5101,0.5103652168996796
14529,0.15394133311919536
26235,0.75405989277006
24260,0.20484076994551492
17549,0.6281221465356436
17610,0.21670415524190748
10246,0.6874140582889624
8990,0.7134012413382308
20459,0.6926149049709052
22775,0.6975409133405712
11212,0.25573225337445465
11963,0.18367739331828947
14516,0.7036349763188423
6464,0.23257304326454736
31981,0.15866645443203065
19350,0.23055926103853414
675,0.32585941038190286
3374,0.6769175960897343
24495,0.15438561359815625
8484,0.20195590357553592
12459,0.6963060611711899
29414,0.2296621241993225
10548,0.14825147297314611
29383,0.6602974815214869
13373,0.8036951467550318
21283,0.4180669263101223
2280,0.7115291980539076
5624,0.1921903636743099
6778,0.6729887228889697
2926,0.3100200530977267
20431,0.2602656014904946
29537,0.1852545405630519
4450,0.7380924203587719
25833,0.710597363979335
33112,0.1747968510345979
547,0.18002783159415822
9270,0.26386806653482153
15566,0.19080058229962188
30826,0.1851623527303301
250,0.18889539328201305
25714,0.5295613332744921
28267,0.7181011563395152
4504,0.6763515079734582
12581,0.28695132896185527
15483,0.18929083886162734
2894,0.7518298452815729
15726,0.2889481124677205
17117,0.23561938234025112
14182,0.6939410724154339
3699,0.44165348545027566
29624,0.6440146496425431
16168,0.2257057849927797
9800,0.17876918738073128
9544,0.7749297532427962
1433,0.7448695642065489
27458,0.34276384617071154
4804,0.7451846874688326
24376,0.17260323777101305
31613,0.22760359480699238
26895,0.2633313636524254
17085,0.29294290948914137
22698,0.7765548037872548
146,0.19215879313485987
24022,0.6370669058627277
14658,0.24361938007687323
21548,0.146194238311288
9827,0.2715433415499448
18544,0.6043201486033957
28874,0.23443419495989382
6361,0.2310147190703805
13089,0.17709210321372099
23426,0.20280566863758176
22520,0.7720000340009786
9649,0.15754126657444048
23255,0.6825582619127841
24081,0.623612238671818
23116,0.18227078900335397
27338,0.7842445999820911
14873,0.23874531042258415
11886,0.6685793361113683
9207,0.14734063206177564
3291,0.17190554850750012
5002,0.2554129986601968
6768,0.6684281439669811
6281,0.24130646897184682
11155,0.2302214672153375
14342,0.25751599960463345
10394,0.15465894939945238
14014,0.17024005738389053
28671,0.22046041715534553
5109,0.15076749676308618
31775,0.17698609973434817
17944,0.15657529680692717
7499,0.2361093604074669
13124,0.699923074159032
22808,0.7007113979626941
29695,0.2642953362736346
6167,0.1878563056450918
137,0.17629247780234134
19494,0.2957110481481383
33277,0.7639803080251067
3760,0.2719703513002727
6837,0.47999521860657274
27220,0.19538822442165546
26985,0.30433473339468287
23667,0.20940644347473858
7793,0.24172555952457195
11502,0.7338824489662558
5882,0.4083118618116428
24978,0.7054123041828176
25866,0.3582185190112838
30020,0.6493986479255289
5380,0.21056087702398957
20045,0.21305766904173934
26651,0.21173756644170272
14077,0.18563898988562738
32000,0.7046544797745034
26694,0.7631381885509027
167,0.7554572878443165
28381,0.39187743325835994
24612,0.15295117478912024
17481,0.40504626372266045
28007,0.737927706306031
26178,0.6621590990908299
13467,0.2822413992102185
5720,0.6937714572676547
18565,0.6324804546400132
17018,0.20176399674356116
13047,0.28498699247748915
20475,0.6458848624686947
5150,0.1572078828503499
31451,0.6796715307353999
14621,0.21331614665547033
29123,0.16253709105039185
13949,0.696659150128586
2269,0.71070764763976
12814,0.16082194297139385
5255,0.6423034471591966
3880,0.24223542226133282
25297,0.21464725422820016
27008,0.7251279448084896
1886,0.14270984770386333
31129,0.19470896679761243
1123,0.2929105632364177
9149,0.26297953489793263
21962,0.3674178715908231
462,0.769591432264733
2677,0.6981008243859368
18648,0.13992904874683715
25612,0.3332217523062799
2784,0.2642204541826279
33064,0.6549235590535599
3543,0.16994834461820685
16419,0.14291692986011137
31606,0.7374399707744235
5800,0.22500732332645346
9032,0.15579028673079928
32908,0.5086371471386766
31186,0.1824652163498935
18411,0.7762484471936101
7636,0.24708679913946466
25586,0.2056132523930859
2583,0.1488855890337962
560,0.17222823611275997
5514,0.18161909654668978
3624,0.17949586783356314
1274,0.17595045932907244
4957,0.27993781794533407
7424,0.146228799135543
12055,0.3474366561601385
9163,0.6050424308423434
29171,0.19409149255250613
16193,0.19034382900616037
25623,0.703176596868169
2575,0.25991095991398155
21353,0.6557152571746477
9106,0.18723257667083076
30470,0.46894857704066734
20437,0.27157862500009644
18316,0.7231588054398462
11956,0.2558392630884337
8713,0.45945294442186463
12951,0.5747163015822901
23795,0.2482993037086463
25933,0.38372691946660104
14271,0.25199683499210745
25129,0.7383612519256526
344,0.1732920267741945
31672,0.6862678027213206
6400,0.26890804273937224
30719,0.21413640423176072
26660,0.15540274919267916
14428,0.7826706948578573
6225,0.17059958258059627
7773,0.6869850297373052
7720,0.20283852215320183
2018,0.25931400495916684
5485,0.41625667426218627
23288,0.19008126277151421
33010,0.17740457735719392
4819,0.1834583842948032
3127,0.21623175131902678
32360,0.1559513354230104
23133,0.14687012968270338
28972,0.6553338823092578
7439,0.7483281641857149
28333,0.6412002075640991
25726,0.18157457842235114
15009,0.1706805829251002
20205,0.1791248066852788
31245,0.270870913702673
10810,0.684117645859453
1172,0.7171919629872919
10809,0.5145057094189516
16944,0.7439991294716858
12829,0.21519615835038255
24246,0.18690122844782567
33108,0.24189710136801573
5484,0.20972590729026563
20725,0.22550001326661193
19501,0.6481712712269684
19468,0.25946330804353207
1097,0.2425493608626417
31984,0.1666017862972088
172,0.20889079574714203
4899,0.3142926745144581
19171,0.2006771654082002
21296,0.2910570443205635
14156,0.30936189784131235
31565,0.18557601463445425
21308,0.7718033133186687
691,0.19463386765538496
15225,0.15978751479644393
852,0.24214362439685191
3413,0.6401960321021111
33234,0.28389908813762676
13314,0.7099942650210107
30921,0.2006192945055966
17072,0.2933546320116022
31230,0.6693310246513896
6689,0.2629045288338211
19117,0.22426735463882053
32259,0.1898889353385674
15640,0.6654535481329596
16690,0.18590030565965493
10928,0.6988566443846556
10640,0.19930000186437125
14904,0.2722407469312818
5160,0.21169290362627705
8239,0.6535340125121296
11912,0.2148724315191711
23554,0.20697957540780532
17221,0.7952411986584381
25072,0.15431115657261218
19240,0.20483584320774043
12151,0.23212202338584165
26963,0.1876875006779433
2889,0.23453788080757934
19260,0.2362122777024111
7626,0.7726514997149866
31896,0.26014897652514923
17673,0.2154673296946281
12645,0.6904627941678183
13726,0.2948821713575201
14240,0.6771863662853062
5113,0.3121973214007824
32646,0.7076032255000237
30645,0.19872147009239377
14500,0.6683146275691542
16525,0.18053121896341498
20663,0.1634407118605425
8897,0.7598688498474976
10049,0.15465041062029675
13543,0.3043892222786267
1250,0.19684148555362943
16345,0.4191812497679372
3673,0.2554889749767309
17165,0.7025221567055133
8587,0.23170136840073718
7903,0.23382536837875215
28390,0.7803829232671362
18101,0.5658712116934586
3408,0.5423416624740733
3619,0.2112478855149059
9335,0.1978137200724463
31337,0.659613913610067
18903,0.13816433751043738
1406,0.20279148949928974
31133,0.7493801764378719
30475,0.21610955635633775
11339,0.20036233424492317
10455,0.5721135101420282
22881,0.1866591542844413
29667,0.32466921941916577
16517,0.20245749527041726
15094,0.19496468212467158
2682,0.3112692463334738
7679,0.7945119073361369
2954,0.16993673121257477
12709,0.768511527195353
24845,0.18314930679197258
6829,0.6957678918994141
12810,0.2194516900653907
20607,0.43343338690959343
10429,0.21779580641701227
18781,0.2648414936401448
21189,0.21473065740398947
19996,0.23693613694572274
24837,0.23261844039691887
4955,0.2545294601316597
32766,0.21722262427315514
6209,0.6583876012321951
24293,0.722986373758772
28090,0.18855588573849347
11842,0.3012969750491076
13211,0.6816410519862094
26309,0.23340313745145658
4832,0.4102672037831651
23885,0.18241773393705557
27278,0.21094432534054375
32853,0.17110412843941672
3264,0.15736699652027114
9997,0.193485795319251
21496,0.22372309143423458
20570,0.7948632242706133
11907,0.15366093833719052
28629,0.24043221764992645
31388,0.2170705449711469
14538,0.6970397399388761
28,0.17544285879904117
32099,0.7551072127062071
6356,0.6927755026463194
16058,0.17032760099228972
10198,0.2730851629998309
24993,0.25768919468047463
28864,0.2922310142015613
1206,0.23143086643821653
14412,0.277349109665971
19987,0.22756226869278395
15586,0.24735712796508122
17424,0.22637266735896402
19783,0.24001150247184483
15763,0.19669629532531233
6433,0.7022191388602466
7881,0.18293739922870114
9237,0.25449730805942705
26656,0.17974551175366033
14019,0.7111860377160832
27036,0.2994594325740303
8304,0.1840225878172663
16458,0.7055315699576071
16138,0.3647538424118644
8701,0.16877482771331226
14281,0.2047104134335313
1968,0.15640323443736956
742,0.19929100715968237
17953,0.48787402146817277
660,0.19690813716809644
10829,0.24633300736374258
14159,0.2929687981932926
13603,0.17966186907080306
18232,0.18234860890481436
14574,0.7423011853282128
24725,0.31261046699033634
10737,0.16753844547338087
15141,0.29415790867745356
25308,0.6681425672497469
23084,0.24387460096933147
25465,0.14948126492182354
12340,0.14347531441935998
15589,0.20534084696573202
129,0.18560146842354233
19641,0.31218803974431053
8083,0.2683251445335478
4166,0.15752970306989075
14586,0.6783923890493218
21822,0.19252883824615857
2415,0.18835533695433912
1382,0.752779279733116
30373,0.18518545975429804
1135,0.17952965153071482
29230,0.2726496294395184
16972,0.23322137229575834
25730,0.235773690971509
17021,0.1889621959162203
19032,0.2900559957892318
6154,0.2185322925062479
2744,0.1504561618897327
621,0.7076400968669698
14035,0.7945119073361369
13621,0.6302595791210953
19202,0.20855424999620384
29010,0.6988609659128147
3606,0.23905970446355732
22214,0.36450273318908416
16245,0.27585477043707807
30639,0.1582267573148075
28365,0.21784799472424393
30546,0.17048114776074524
7792,0.4873325010105638
12846,0.6973658607290139
25038,0.3483400903068759
17919,0.5243556920064045
6465,0.19654543082093326
13836,0.2023746141759851
30399,0.1675513862834443
27949,0.16552048021422747
27512,0.1849901436911457
22507,0.2029717173451927
656,0.3606821003359129
23663,0.7266348444942752
30907,0.15366093833719052
30023,0.2332326819284983
22045,0.4464498806461735
2209,0.1936924293667879
4838,0.7421516063743526
28498,0.1727292986259994
1179,0.27893801534143375
10682,0.27364746630066283
20707,0.3647825322281562
31228,0.6805311876190564
11642,0.1889394667650314
14477,0.7171178226737219
25737,0.28512700349317394
21032,0.7675659648045272
30770,0.6532685772759821
28733,0.2110077065585669
26032,0.7360411337469627
2421,0.6949016681360459
6027,0.21845284781677915
7266,0.7721283036807363
20956,0.2702716472090891
26068,0.31818525475637643
20179,0.21171270847701656
32956,0.16293513410438748
12570,0.6987566868362087
7689,0.7029627869296993
19653,0.2157227535378924
8447,0.2841092011175471
18513,0.47291004639515
4066,0.1693759601744217
613,0.25106165045141127
12437,0.14831180913701555
20917,0.7442120913532029
12505,0.6981470564669016
22510,0.6362022937816635
6642,0.605191468544988
8562,0.30107618013446746
13030,0.2242388499134929
33291,0.2480661123021452
10469,0.7837892408979934
30777,0.20854900570216542
31756,0.6756484844517952
3879,0.24656151976532603
16255,0.6564352499725581
5050,0.6939591197492778
4273,0.7107077465474215
14867,0.20585231122975917
16180,0.7440675714102191
8491,0.19123396653907312
23514,0.2319443348085542
14398,0.3222536532855482
11444,0.2460059865267658
22303,0.23050830484254228
7391,0.3034557141324421
9195,0.660971531481132
7519,0.3417071519837291
15307,0.5072817595965053
24683,0.2201199303841658
27067,0.7943389186815629
11327,0.24282771178883286
2529,0.665709141605343
31349,0.1831958310933241
30739,0.17583302161587852
32141,0.2166648417723481
7759,0.7799618136649676
16286,0.681539628791076
5381,0.3383834266152433
16782,0.73347776140144
8122,0.27861117104575844
4370,0.6678802860289901
13883,0.17094203026810534
21673,0.22941062692762174
24268,0.19291845405138616
17200,0.22180439241001004
31533,0.18674013652664678
23172,0.19240951011219853
1647,0.16413382619415023
1276,0.25264014069020524
19942,0.6217070495953574
26888,0.6798560689799448
11667,0.21255576320394548
3890,0.20641928990944958
17267,0.7041038462349086
4934,0.17499170809997294
2752,0.6904850537671575
6413,0.19336142326288167
5817,0.18842606462157205
27952,0.6376169400814735
6402,0.337525806171499
2358,0.6599821813906548
7645,0.6318264137219467
15411,0.30011181288612215
32727,0.6816137196918244
32693,0.26454317351560486
471,0.2652411566244461
16922,0.20755022393048153
31991,0.1490967667697991
16212,0.6890131844360331
22477,0.6430553919911087
11514,0.20549706615601804
28290,0.2218670327772583
11473,0.16348494651528178
28584,0.18856665140918372
9209,0.3050659060549627
28252,0.761373372134015
30158,0.1696068504334309
18492,0.6412073978022551
18940,0.23064413634349815
30512,0.7436825783591683
19654,0.6663719711828086
16577,0.2639070324668787
17836,0.6373812378823588
29074,0.3423800717925794
25155,0.775202560923381
31796,0.3785698580179862
30965,0.21835219543239212
7212,0.304851643069411
20419,0.6801330813405796
27143,0.6168097886124723
33134,0.33256190648135564
21657,0.6943858913942058
14255,0.16796286213224146
11728,0.20464207689430236
915,0.15615252629590481
7987,0.7306356294948233
25241,0.17477496120861075
18483,0.558543532342235
7032,0.2580703716120473
31668,0.256942426816037
22870,0.1697605641318064
13142,0.1795239535515781
11481,0.18970751763089533
1679,0.13404307799530835
15849,0.4170757784185208
22392,0.7166211489878818
29223,0.18568895212014055
5296,0.23247663523677672
25329,0.18524657852576026
15164,0.6961369582285208
5780,0.2247609788711771
14767,0.27955296812652886
7926,0.6740325984907489
32606,0.212423721961918
30295,0.71070764763976
2436,0.23869853048725967
12407,0.1577537942753589
5509,0.2091112023249
33300,0.2278244436630638
12374,0.32384884424140636
23562,0.2581697980617428
27420,0.6882534849769862
15974,0.18281825131688229
13204,0.7452670038246871
12453,0.684305199776291
21071,0.2520134488744366
795,0.3704433142686764
80,0.19098176028499592
8509,0.28277842900614314
27199,0.13521161362479428
4393,0.31977977569824556
26993,0.7962582816433211
9753,0.7240225864390197
17074,0.21215675112770968
9291,0.1648966664408224
21210,0.15360137064537852
6548,0.16568970502043506
5601,0.7355923105794414
29159,0.29616171211919096
20909,0.17027538183380955
13140,0.22327459270181768
8903,0.2540300989555935
20079,0.21704403153726845
24628,0.2239133719041763
5482,0.17111907952967761
16050,0.48043923052084164
18581,0.656565573698857
14438,0.7054949344991884
8031,0.1918005464844093
32710,0.2005787174530808
5857,0.26545348902673227
28799,0.15097463661239927
19726,0.23234321191343116
6191,0.3392586847853482
32521,0.2481469826275782
29176,0.17792260826150824
28278,0.2304018852093476
2625,0.18139948430020128
15587,0.34178219060155796
14741,0.1795239535515781
19210,0.2717750357285946
21015,0.16566411030325934
2010,0.16265498693437996
8942,0.7411905681446892
9586,0.26069560928930186
6444,0.2205752787233879
1604,0.1568877539866443
24158,0.7659078656931533
24017,0.26749376986884965
24362,0.29363566397311613
29969,0.1503037445868408
16831,0.17521895136359852
28518,0.18346207925768984
21039,0.18208106042932914
1776,0.16478387572849906
1678,0.21804383830988677
11188,0.7357744557710185
5346,0.19015286705678958
25867,0.44955014150364897
8335,0.14920806890058366
29417,0.16176551870911776
28383,0.2809880818818989
31485,0.2405461653085064
11330,0.21894797454236392
13259,0.14916343550793862
7539,0.14962433261598787
18271,0.7624948530619895
19556,0.23092245126788982
31232,0.6976109326454089
1175,0.2671131588692932
8107,0.240713941878085
2768,0.24165367257482198
26448,0.278096471040592
22700,0.6375339075184768
10287,0.1893385120901523
21246,0.45101477330151163
9098,0.2725068225136757
17952,0.16579867497596046
3889,0.25144225142778154
268,0.15701945395106112
27376,0.3199047595975974
22042,0.6944436792070677
32395,0.21103830281599656
16955,0.22778015520880007
15027,0.17723779831659858
27771,0.17077070145239112
25918,0.24262964510551305
28694,0.13591438393887514
10523,0.6641452457802532
12163,0.48382403212840447
10279,0.6927866889226779
20918,0.19261061971528434
22940,0.2153180689241752
11283,0.20924845688408072
15682,0.262291280553193
29890,0.20799531088520687
24998,0.37711932908821916
15853,0.222944667017353
14581,0.2201680270843741
27390,0.24083436936420724
21976,0.18842475069181353
28808,0.3584567724753207
14285,0.24352839404641596
7784,0.21042535471045337
15973,0.7854042929314428
24155,0.6639172851832819
24815,0.23448592517218456
21023,0.25560909444360824
27787,0.15736699652027114
24378,0.7658834060420668
7346,0.22102789233945216
25958,0.1909596630865109
32635,0.6849913995194761
1985,0.720382004179327
288,0.1979650086753214
27281,0.1860856874185244
7953,0.7220595213804082
366,0.7508389938161384
27108,0.1755317518444707
9514,0.2010675736973974
17386,0.30308695920839873
4889,0.26120548411908145
22974,0.6482956608518354
28176,0.1583715621221628
17224,0.4026318667864943
32636,0.6913987841499114
21511,0.169060554115611
25408,0.7756981053424629
10308,0.28953786584369684
6509,0.6746184235559586
12676,0.19091702290781992
22320,0.20623254411964406
19403,0.694575118969562
25679,0.3107286383639892
25097,0.7030347695999754
30538,0.24070511646314294
29321,0.22743573507318168
5083,0.22148436137946725
17194,0.1912856430424412
25371,0.20590803187582496
25629,0.15857234268571188
2790,0.7580370895611027
31615,0.17190554850750012
9134,0.6809942946768476
23968,0.20170045740648496
24908,0.658535880560467
22712,0.25474728925106466
11063,0.5736307078964058
16129,0.5506534844523846
25292,0.22659127711562985
11796,0.7215780640005133
31234,0.6180695300024817
4581,0.2786933859413519
17703,0.2256363202763953
30036,0.28948252346767145
9837,0.775926870930656
2715,0.44941032840088535
22652,0.3635890979501754
15158,0.18210777877547418
830,0.14916343550793862
24660,0.18971742260667096
2915,0.4449052042749899
18322,0.27610314741919306
23189,0.23255126193077055
25544,0.17966299464924973
15534,0.5188382161028061
12312,0.7638126951227541
7789,0.7219803639533936
6335,0.14648053609854134
17675,0.22466067746526716
7156,0.48513305443013066
14816,0.5288557985438157
31402,0.7512679263867819
12759,0.22170336880243466
18706,0.528814389436348
5266,0.22397073916970134
27308,0.736992928444437
6721,0.6879258247529301
667,0.17890138261867733
3027,0.17920558522999508
8735,0.4028648486543667
24238,0.7181995753866216
28911,0.2145408667090139
18575,0.6475070153865248
15098,0.21711998060071871
33308,0.6846618006563672
185,0.2410031677308927
25603,0.7616509015498656
27386,0.20647294318800305
28630,0.1832754023983368
32243,0.19275696498236458
3635,0.21131092202060164
30957,0.6837653959529575
2326,0.5703001214226614
17950,0.6416519519568394
32910,0.6982045448757901
32353,0.4218847250053388
13462,0.7017161221364417
28937,0.20382475892743543
29276,0.7110757192921457
16082,0.23335555047308248
515,0.15736699652027114
31826,0.1714269760366769
14515,0.19063476918886094
26722,0.7803589230692952
2937,0.15716616125802957
30103,0.2041115474412091
25100,0.1968381426450499
13397,0.2242300127121371
8413,0.5728778322624742
11413,0.6889882485569984
9556,0.6029281216675373
28061,0.709673840384226
32374,0.1920949741172428
16251,0.7214777186608865
23674,0.7527449799602389
16689,0.1834881992908637
8042,0.3575331931670821
9055,0.6434230598923595
12674,0.1740636026546438
16328,0.12602185816759595
22099,0.20233768822125184
6314,0.15858119497102377
4579,0.3659245231696523
11640,0.7321451178661715
5126,0.28379803067475495
11401,0.24123822404632367
5841,0.16299470976731917
1838,0.7113701683260084
6398,0.16649338844241032
18267,0.31595145593298835
22591,0.6409297409224017
12996,0.75405989277006
8514,0.21205052344492348
3862,0.1795239535515781
29762,0.23478254823034425
32795,0.7748407487105509
9918,0.20730398293468877
10162,0.2286835564604777
18847,0.3434359394376201
26138,0.510085644347831
30294,0.20196634965007046
31629,0.19187493772266445
32019,0.6212108274490693
29341,0.2504527151303096
31465,0.1942309465133822
19158,0.17492007389666167
26354,0.19197656510732108
2936,0.23246285011005705
24820,0.29181419790168195
29326,0.7595597207721416
32022,0.19824368348079188
10478,0.6828339590109747
24800,0.7480818193146567
29243,0.40094990715744827
22835,0.608406598840734
6615,0.6904437240751592
32152,0.15678636859423348
7281,0.24367034278788308
7314,0.45109840172515747
5479,0.7836066019597849
28427,0.2610048455710918
18166,0.21597538561591267
18384,0.7094531840760444
23628,0.39823428422795665
18665,0.6507994396055451
20691,0.6294152839109045
10260,0.7593933894403575
4586,0.7966412144566483
610,0.16542766305839782
17389,0.41724840172149746
12558,0.6633544510235699
16395,0.14839289430902944
11770,0.20108896218543784
27991,0.5567629851353826
27425,0.3435168973022941
25585,0.6995868101498368
20758,0.2505310704522448
4791,0.3805390919425984
18816,0.7879297323210539
31466,0.5896048919986121
12500,0.2756306908656209
1928,0.7913206333785912
15385,0.3758176534571063
14264,0.17829138462524463
29541,0.1769375336309736
8426,0.30047465047207184
11148,0.196469994128823
22661,0.2716253375956401
19550,0.7159944941865878
15384,0.7129374941107464
1443,0.21102939224355288
14491,0.1778361362559885
3275,0.19295770927944286
5265,0.21080713017751296
15865,0.7115159725496918
8539,0.17837396161728536
25995,0.2944745428520045
12288,0.22441402272486782
25411,0.289414859593988
12189,0.7724645318942572
27933,0.2064452401548276
11273,0.19541032269886893
30859,0.25574257231688524
15521,0.20587362941411694
25054,0.7591788821721438
11506,0.23313429638194513
5934,0.19519871444573245
3689,0.26684255265812457
27337,0.6303375726343369
15911,0.2557596290042603
32996,0.21979024440232886
10663,0.17319598842199352
18356,0.6513158355152674
6865,0.2979960917991611
30679,0.1761223589851014
7347,0.31292631597789505
31951,0.7179326580783993
13009,0.7051320883362733
6452,0.3591061677475028
19294,0.2008649454226964
12946,0.219917330183821
8375,0.6913732458222503
8043,0.18543417721708724
4063,0.15942749617749838
14821,0.14029136371919756
16107,0.7492706917160843
23465,0.737031402561264
18698,0.36812838346298954
24582,0.16634933381944594
19239,0.18991937655154048
9664,0.22865803473220137
17300,0.716060341352102
21257,0.19282547851973614
26856,0.1933335821217822
29283,0.2518949408954092
30846,0.1871963470321487
24670,0.20737821794330796
11391,0.16625133731681066
13823,0.24919723527471357
25931,0.24879862012084988
14638,0.18697418022062484
29031,0.6573538204970473
14883,0.7443687250882867
17924,0.5928319041093348
30951,0.17582546632923252
9051,0.7928619421774301
6963,0.20194823148132746
3559,0.1663272987113423
9700,0.21355831458974459
11849,0.5743532954549049
22737,0.20141421929487738
6969,0.4801436559887191
31870,0.2923293974792716
25263,0.1928667229834842
21049,0.7184496090149965
17307,0.4720581518593065
19471,0.1847872863849673
22338,0.17820496337877073
18519,0.7941888267064663
8752,0.42930702260182724
17254,0.653970679287312
31441,0.32270397040165194
13175,0.18384619491134627
2122,0.7664456538592125
734,0.19391735759054898
10655,0.7025251570274557
20900,0.25055204761049205
25977,0.7240532974071663
8038,0.2494767290925324
9275,0.6300120655985397
26576,0.2703868819730669
8184,0.6890131844360331
25181,0.21494955277557581
27059,0.20924845688408072
17920,0.24902196964508988
14932,0.2567958415737375
2491,0.17691999581340323
22450,0.7680354419154214
12831,0.15928772727725524
24057,0.6982045448757901
27854,0.23516939656125868
9083,0.22695762129324987
26670,0.7551072127062071
5709,0.18755507091197907
31995,0.6749068154170508
11845,0.3626785320579865
14052,0.20784733804257183
22407,0.6076560610872899
33353,0.16385407798250715
32278,0.7478316378202857
14069,0.7163833318007046
828,0.16012027645439222
16574,0.1820346529210039
6742,0.6894299785365468
6583,0.14609516784703705
15159,0.21252662854372142
16614,0.2573833613268237
27456,0.2771617710221883
16462,0.5990968440474183
32105,0.6166290530802889
22464,0.7014444504749939
20165,0.38393604878840953
2610,0.5029171457043837
18668,0.1995808047013168
20361,0.6375592561694509
1055,0.19154567376406414
19794,0.333906331402494
4810,0.7632400098151855
16560,0.7442279587435096
5236,0.6238218082515539
28886,0.6889862705097836
18338,0.2587524340073093
25697,0.19676162311870388
15150,0.16966479818255398
5005,0.17550307340815285
8358,0.19565668727414504
27297,0.8068822353340946
19413,0.674294825545881
5111,0.18909792344202989
13477,0.7279738680865645
2120,0.2739422390832822
28293,0.3306407164192946
31481,0.7854554076691833
25635,0.13040965298130017
14041,0.16636978594179028
10311,0.2677658609018847
13925,0.15970320170909158
2183,0.6882534849769862
23188,0.1864391755982533
8982,0.2563104333278727
20064,0.2677504169997919
21604,0.6868670032656261
3991,0.6363181372677172
3307,0.22077909494853917
4343,0.20927513607997172
24642,0.21102284177074093
12008,0.17872332433284804
22200,0.17535030943833638
2789,0.22833386987105367
22697,0.6423529711560854
20321,0.23098693935799494
13470,0.20087806175352718
31236,0.6795650489076911
32607,0.6808289931269184
8216,0.6414748870695317
5320,0.16825023100318798
30466,0.25612896184574807
24026,0.6665242959966308
30013,0.1802213558110007
22342,0.34187066308436076
370,0.5083843126782455
30365,0.7814868427613172
30316,0.7044679291410126
28350,0.2752957788463761
11927,0.6318660862815461
31708,0.7295562148237575
25882,0.5435291576308158
16079,0.6455222979422798
21788,0.2503921714740766
2530,0.517990973286924
20640,0.3421548826953837
7148,0.2538716225291274
20308,0.7659358872986382
2196,0.17736956535726392
17225,0.2659196201083039
28163,0.2424312415041835
16164,0.28306969638456586
11460,0.6376440157149271
2900,0.23774478862056966
1026,0.26024776713252823
8049,0.15819619864723897
12413,0.2246064430983492
17269,0.37522230556189934
3885,0.1555417502193211
5194,0.17925983827921585
11644,0.341463645753362
28377,0.17007175295485022
25914,0.7847370664253625
24947,0.23150675513153193
32540,0.5134677389049341
1346,0.24173640876845673
13220,0.19761856438738318
19336,0.13521021551438306
7416,0.32679897280408315
26996,0.1621194938065971
26859,0.2607246903770444
13498,0.15614077715838323
17659,0.15470474935128545
25173,0.22317552218346198
12002,0.16000408862717447
22468,0.7483605588596353
25106,0.20051819785673944
11730,0.24206368436155828
21871,0.2012536262949305
19543,0.2829517583036392
4842,0.3537834994702594
12874,0.23850500271333552
19725,0.7037474330439958
27614,0.13709385473487065
322,0.21764730485842382
29603,0.21749456487962224
28292,0.1982049497374808
423,0.20905999504398842
22858,0.22414287406011765
16449,0.16907192768533733
26195,0.18425314535359258
29710,0.39960779110007866
11901,0.6217129064553325
8170,0.4280874721033828
31818,0.6954140227101492
10618,0.7206702144421863
10217,0.21371483384546974
13819,0.5351099784722578
13722,0.2863858545067719
18100,0.32461926183802203
5029,0.17683456570323172
31473,0.2119222851946463
26801,0.6813722299120454
18912,0.21228501789592916
27030,0.3481098640386332
3647,0.21297198747733267
4222,0.6198678993755793
25614,0.7843482382514088
19648,0.6995474989908177
22430,0.6475624782577108
15851,0.26508887107472
301,0.16740372589160624
18825,0.1749353964552051
31758,0.8103062419262532
5898,0.6816157715537434
17932,0.1678974558049462
30260,0.21704321362149098
17669,0.21243762080697445
14806,0.19317542027360624
22480,0.2993989482713785
29259,0.19202922891372176
22746,0.15798080006627369
9852,0.7545007579122665
30,0.2286633691016777
17854,0.1661549168276623
9205,0.7115957397060818
17779,0.7362379266503604
20154,0.24563375636203
16828,0.6151309592600684
7387,0.19143363310806424
31802,0.5831830994018646
17188,0.6423011982550139
7300,0.15241292539469134
12136,0.17869796403789948
21899,0.2702451574022939
10834,0.4079413720184432
20841,0.7212736760810939
5962,0.7010914772377654
7813,0.2246154949619259
10847,0.4688380853811364
30109,0.7837892408979934
3312,0.17463009625185705
12884,0.17819299652648918
20514,0.15118924655396299
8411,0.19323795053992163
16798,0.15835650288963257
27389,0.23190878508695342
32783,0.23915532956911484
10230,0.14105638410779234
5980,0.6712776727066181
3672,0.7172098829044539
29832,0.6873268810459938
18719,0.6464612347375561
23024,0.21920029727784007
29629,0.8044245267451076
8112,0.7314408304686577
13953,0.2296438978374281
17450,0.7781479948087836
9752,0.7768443410723251
10167,0.25440247679455597
181,0.7386673905192451
1476,0.3558318332842649
16816,0.16539150823811222
16023,0.4698889892290923
12059,0.19192052522894032
28220,0.27574856930588154
18822,0.21458939515497694
17720,0.3571273163234832
13419,0.28999098029017384
23734,0.29955323636212416
6610,0.1754126995339714
18569,0.1860570390074618
25136,0.5126600018602595
21469,0.26321428553623927
19752,0.30730678497298486
32453,0.18238304414999834
24625,0.13345140894894
32745,0.16376332029353816
15144,0.253668710748161
26541,0.22710244054600026
14132,0.2534398494609555
2580,0.21252037888103936
32229,0.26707004254646727
11638,0.2926085865964652
7132,0.6929603785618839
22168,0.19734146127198107
29886,0.5370246433681763
5130,0.18598641448421296
923,0.13341229515291428
28035,0.48910700005159174
17153,0.20462300335674247
30428,0.7546670825098215
14687,0.13992904874683715
26621,0.7064544830645405
19744,0.2489738070891105
32698,0.18215229045296186
15049,0.7114219580821921
32808,0.7024098408244474
7535,0.1795239535515781
20622,0.7842195349014783
22863,0.21557828895398623
21845,0.22096238218297629
16135,0.17585586265045475
15095,0.20913023985144868
29703,0.2875946184331169
14785,0.7030386787926909
20150,0.20425532920329503
19473,0.2839182307803389
26862,0.18022130034242007
3377,0.19889844116174527
21166,0.7237723346474223
24684,0.19412236930020954
32511,0.2485565405486277
10587,0.5681924236645284
23210,0.21622997863541882
8243,0.2577033256574323
2046,0.2797692521260126
875,0.19270202444112663
437,0.18524422228138018
9208,0.6964590398014232
18560,0.21429312265859565
31361,0.4834762706338235
3432,0.795126598136214
17066,0.16408323033000213
17993,0.2928464690774628
4879,0.1940403116477378
32898,0.7494252307932145
28680,0.22031008797441945
10304,0.4157878872774023
26899,0.1433781266124796
23403,0.5040883027245074
21936,0.31434264093487596
26927,0.4540380393981061
25713,0.2739188048096011
23976,0.5197570558630503
29908,0.1898094094113671
17426,0.7090975342928665
9806,0.29474390972041525
25886,0.16121371849962735
2736,0.15435404029877708
26688,0.1733261444080373
19261,0.28899931790312666
16728,0.24387181191004534
8837,0.25214898317887713
9345,0.13930198320140874
25696,0.18310782415564125
33236,0.21089296210471506
7258,0.3822042669142431
4274,0.15419052413453047
18287,0.23485824730386304
25062,0.18817857936262916
11144,0.2090000232926516
11404,0.2564698089853319
13232,0.18360937599955537
21968,0.7884910842017583
12142,0.7858958109073646
30796,0.2402127526761028
23735,0.6803875154136783
26679,0.2064223710897947
21726,0.19409149255250613
5171,0.781320180149459
3180,0.18578986175378495
26950,0.7594917711965444
24234,0.6482858720482122
32649,0.6902470008510797
4377,0.7918070553708367
545,0.16666194275168092
13114,0.2189532269745305
22786,0.7188398334297177
21335,0.7053683550028179
13292,0.7739747337477064
25862,0.14613418312900842
37,0.7539845600944513
25890,0.19368877391790804
22037,0.23072391788160632
29304,0.35474948539532364
19816,0.21013108911397357
7012,0.7438616783803047
23338,0.6948554134837264
30621,0.6894107196887278
11855,0.29113498002801375
14062,0.1781948156108123
952,0.19240951011219853
28695,0.7260327136913141
25255,0.2776325557673794
14684,0.1825655640522496
2599,0.1748205489330814
27764,0.6937806544283563
22708,0.6691325521462078
13605,0.23360775448071827
3445,0.2018302201470139
12029,0.3217804340045718
28494,0.7546343498097285
26151,0.14733456025583277
30903,0.16041932612668988
23078,0.3297916973225164
3520,0.2089536736783391
23948,0.40035898145820153
20536,0.6711124475391802
12472,0.5639092994538961
12756,0.21852623158795648
634,0.21933642352516225
11458,0.6412686177451503
20348,0.21617363142125817
21057,0.18707715468592725
26446,0.723632999837502
24170,0.16797935322611043
16216,0.22359492652803217
28349,0.19171639470334811
17295,0.22534979650344833
33316,0.4000851288622013
5280,0.5731581677047592
11201,0.5129528972740314
26483,0.3280088343429423
10977,0.16404169229989843
33290,0.6896667238611297
27216,0.731905963919267
7877,0.1518315561256789
5650,0.24492054156255896
6590,0.18612765082762384
13464,0.7275791912930581
25639,0.26209279484748926
12406,0.23334161618545876
32113,0.1963984777866803
3787,0.22772777739185734
23606,0.6441668884850466
7522,0.4916075477424921
15293,0.7623407314199275
7564,0.7189250678004874
19218,0.21253114774725024
19678,0.13929327056662472
19499,0.16893318960402573
13962,0.17269716552781839
22744,0.23818591520049534
21887,0.5184557206311476
28552,0.2720519715797209
10726,0.24412666550138018
6294,0.1759480794484699
13833,0.6505944016777496
31643,0.16562654244118358
21500,0.29328357373041886
33225,0.3232015344141907
8905,0.293038965453077
9772,0.16436053440378826
27163,0.2302329304330651
24507,0.5057906043734799
21339,0.7010224567564425
1289,0.4587395194619767
195,0.37032423026024003
31762,0.1790034257518929
7873,0.2544569115715727
12215,0.20844396646620922
